年级,册次,单元,主题,原创题数,词语题,表达与语境题,教材纸质页码,PDF页码,目标举例
1,上册,1,校园 / School,6,4,2,6、7,11、12,book / ruler / pencil / schoolbag
1,上册,2,五官 / Face,6,4,2,14、15,19、20,face / ear / eye / nose
1,上册,3,动物 / Animals,6,4,2,22、23,27、28,dog / bird / tiger / monkey
1,上册,4,数字 / Numbers,6,4,2,32、33,37、38,one / three / five / eight
1,上册,5,颜色 / Colours,6,4,2,40、41,45、46,black / yellow / blue / red
1,上册,6,水果 / Fruit,6,4,2,48、49,53、54,apple / pear / banana / orange
1,下册,1,教室 / Classroom,6,4,2,4、5,8、9,chair / desk / blackboard / under
1,下册,2,房间 / Room,6,4,2,12、13,16、17,light / bed / door / box
1,下册,3,玩具 / Toys,6,4,2,20、21,24、25,plane / ball / doll / train
1,下册,4,食物 / Food,6,4,2,30、31,34、35,rice / noodles / fish / chicken
1,下册,5,饮品 / Drinks,6,4,2,38、39,42、43,juice / tea / milk / water
1,下册,6,衣物 / Clothes,6,4,2,46、47,50、51,shirt / T-shirt / skirt / dress
2,上册,1,我的家人 / My Family,6,3,3,4、5,9、10,father / mother / sister
2,上册,2,男孩女孩 / Boys and Girls,6,3,3,12、13,17、18,classmate / friend / woman
2,上册,3,我的朋友 / My Friends,6,3,3,20、21,25、26,tall / short / big
2,上册,4,社区 / In the Community,6,3,3,30、31,35、36,bookshop / supermarket / hospital
2,上册,5,公园 / In the Park,6,3,3,38、39,43、44,grass / lake / hill
2,上册,6,节日问候 / Happy Holidays,6,3,3,46、47,51、52,card / present / Christmas tree
2,下册,1,一起玩 / Playtime,6,3,3,4、5,8、9,play football / fly a kite / ride a bike
2,下册,2,天气 / Weather,6,3,3,12、13,16、17,rainy / cloudy / windy
2,下册,3,四季 / Seasons,6,3,3,20、21,24、25,spring / summer / winter
2,下册,4,时间 / Time,6,3,3,30、31,34、35,eleven / twelve / twenty
2,下册,5,我的一天 / My Day,6,3,3,38、39,42、43,get up / eat breakfast / go to bed
2,下册,6,我的一周 / My Week,6,3,3,46、47,50、51,Monday / Wednesday / Friday
3,上册,1,介绍自己 / Myself,6,3,3,4、5,9、10,name / new / class
3,上册,2,身体 / My Body,6,3,3,14、15,19、20,head / arm / leg
3,上册,3,食物 / Food,6,3,3,24、25,29、30,bread / potato / tomato
3,上册,4,宠物 / Pets,6,3,3,40、41,45、46,rabbit / duck / turtle
3,上册,5,衣物 / Clothes,6,3,3,50、51,55、56,coat / trousers / gloves
3,上册,6,生日 / Birthdays,6,3,3,60、61,65、66,January / April / September
3,下册,1,学校课程 / School Subjects,6,3,3,4、5,8、9,science / music / maths
3,下册,2,我的学校 / My School,6,3,3,14、15,18、19,library / playground / second
3,下册,3,课后活动 / After School Activities,6,3,3,24、25,28、29,play chess / draw pictures / read books
3,下册,4,我的家人 / My Family,6,3,3,40、41,44、45,uncle / aunt / cousin
3,下册,5,家庭活动 / Family Activities,6,3,3,50、51,54、55,cooking dinner / walking the dog / watering the plants
3,下册,6,我的家 / My Home,6,3,3,60、61,64、65,bedroom / bathroom / kitchen
4,上册,1,运动与游戏 / Sports and Games,6,3,3,4、5,9、10,running / basketball / jumping rope
4,上册,2,周末 / On the Weekend,6,3,3,14、15,19、20,pick fruit / go fishing / go to the cinema
4,上册,3,交通方式 / Transportation,6,3,3,24、25,29、30,by subway / by train / on foot
4,上册,4,寻求帮助 / Asking for Help,6,3,3,40、41,45、46,eraser / scissors / glue stick
4,上册,5,安全 / Safety,6,3,3,50、51,55、56,safe / dangerous / sidewalk
4,上册,6,职业 / Jobs,6,3,3,60、61,65、66,nurse / cook / farmer
4,下册,1,街坊邻里 / My Neighbourhood,6,3,3,4、5,8、9,across from / between / post office
4,下册,2,城市 / Cities,6,3,3,14、15,18、19,city / hotel / square
4,下册,3,旅行计划 / Travel Plans,6,3,3,24、25,28、29,sea / take photos / row a boat
4,下册,4,爱好 / Hobbies,6,3,3,40、41,44、45,reading / making models / doing jigsaw puzzles
4,下册,5,课余时间 / Free Time,6,3,3,50、51,54、55,go camping / play the violin / once a week
4,下册,6,国家 / Countries,6,3,3,60、61,64、65,Canada / Australia / the UK
5,上册,1,同学 / Classmates,6,3,3,2、4,7、9,polite / helpful / active
5,上册,2,老师 / Teachers,6,3,3,14、16,19、21,wear glasses / curly / straight
5,上册,3,动物 / Animals,6,3,3,26、28,31、33,elephant / sheep / bee
5,上册,4,购物 / Shopping Day,6,3,3,44、46,49、51,exercise book / pencil sharpener / pencil box
5,上册,5,电视节目 / TV Shows,6,3,3,56、58,61、63,cartoons / sports shows / nature shows
5,上册,6,家务 / Chores,6,3,3,68、70,73、75,make the bed / take out the rubbish / sweep the floor
5,下册,1,健康生活 / Keeping Healthy,6,3,3,2、4、5,6、8、9,tired / toothache / headache
5,下册,2,特别的日子 / Special Days,6,3,3,14、16,18、20,Tree Planting Day / Children's Day / National Day
5,下册,3,保持联系 / Making Contact,6,3,3,26、28,30、32,send an email / write a letter / make a phone call
5,下册,4,上个周末 / Last Weekend,6,3,3,44、46,48、50,climbed / visited / stayed
5,下册,5,愉快的旅行 / Have a Great Trip,6,3,3,56、58,60、62,went / bought / took photos
5,下册,6,成长 / Growing Up,6,3,3,68、70,72、74,was born / learned to walk / went to kindergarten
6,上册,1,在中国 / In China,6,3,3,2、4,7、9,north / south / famous
6,上册,2,环游世界 / Around the World,6,3,3,14、16,19、21,London / Toronto / Sydney
6,上册,3,动物世界 / Animal World,6,3,3,26、28,31、33,mammals / insects / reptiles
6,上册,4,心情 / Feelings,6,3,3,44、46,49、51,worried / proud / excited
6,上册,5,名人 / Famous People,6,3,3,56、58,61、63,inventor / scientist / poet
6,上册,6,寒假 / Winter Vacation,6,3,3,68、70,73、75,dumplings / ice lanterns / Spring Festival
6,下册,1,探访加拿大 / Visiting Canada,6,3,3,2、3、4、5、6、7,6、7、8、9、10、11,airport / arrive / scarf
6,下册,2,身边的世界 / All Around Me,6,3,3,12、13、14、15、16、17,16、17、18、19、20、21,art gallery / public library / stadium
6,下册,3,日常生活 / Daily Life,6,3,3,22、23、24、25、26、27,26、27、28、29、30、31,volunteer / habit / at least
6,下册,4,课余时间 / Free Time,6,3,3,32、33、34、35、36、37,36、37、38、39、40、41,hockey / together / beaver
6,下册,5,自然与文化 / Nature and Culture,6,3,3,42、43、44、45、46、47,46、47、48、49、50、51,countryside / squirrel / swan
6,下册,6,暑假 / Summer Vacation,6,3,3,52、53、54、55、56、57,56、57、58、59、60、61,English-Chinese dictionary / shopping centre / hot pot
